idx,textstring
0.1.1,das gegenwertige buechlein wird genandt splendor solis oder sonnenglantz
0.2.1,teilet sich in siben tractat
0.2.2,durch welche beschriben wird
0.2.3,die kuenstliche wirckunge des verborgenen steins der alten weissen
0.2.4,wiewol alles
0.2.5,so die natur erfordert
0.2.6,claerlich zu volbringen
0.2.7,das gantze werck in denen begriffen wird
0.2.8,vnd mit sampt allen mitteln der zugelegten ding
0.3.1,noch dann ist sich keinem dorauff zu versehen
0.3.2,die heimligkeit der edlen kunst aus aigenem verstande zuergreiffen
1.1.1,folget erstlich die vorrede in dieses buechlein
1.2.1,alphidius
1.2.2,einer der alten weisen spricht
1.3.1,einem jeden
1.3.2,der jhme nicht mag vornemen zuueberkommen die kunst des steins der philosophi
1.4.1,dehme ist mehr nutz dass er sich nichts darinnen uebe
1.4.2,dann dass er etwas versuche
1.5.1,dergleichen redet rasis im buechlein des lichts der licht
1.6.1,es ist sich allen mit fleis zuverhuetten jch erman sie auch hiemit am hoechsten
1.6.2,dass sich nimanden vermesse zuverstehen die vnerkante vermischunge der element
1.7.1,vnd das wil rosinius sprechende
1.8.1,alle die sich einlassen in dise kunst
1.8.2,vnnd mangeln des verstandes vnd erkantnus derer ding
1.8.3,so die philosophi in ihre buecher geschriben haben
1.9.1,die irren vnzehlich
1.10.1,dann die philosophi haben diser kunst grund gesetzet
1.10.2,in ein natuerlichen anfang aller verborgenen wirckung
1.11.1,wiewol es ist offenbar
1.11.2,das alle leibliche ding ihren vrsprung
1.11.3,standt vnd wesen nemen aus der erden
1.11.4,nach ordenung der zeit
1.11.5,so die einfluess der gestirn oder planeten
1.11.6,alss da sein
1.12.1,sonn vnd mond vnd die andern
1.12.2,mit sampt den vier qualitaeten der element
1.12.3,die sich ohne vnterlass bewegen
1.12.4,dorein wircken
1.12.5,dardurch herfuer gebracht werden
1.12.6,aller vnd jeder wachsender
2.1.1,vnd geberender ding
2.1.2,eines jeden sonderlich geschlecht vnd gestalt in aigner substants
2.1.3,als dann solchs im anfang der beschaffung von gott dem erschaffer geschafft vnd gesetzet worden
2.2.1,demnach nemen auch alle metall in ihren begin aus der erden in einer sondern vnd aigenen materi zusammen geflossen
2.2.2,aus den vier aigenschafften der vier element mit einpflantzung der metallischen kraefft
2.2.3,vnd ihre saemligkeit von den einfluessen der planeten darauff dinend
2.3.1,als solchs wolbeschreibet der natuerliche meister aristoteles am vierten buch metheororum
2.3.2,da er redet
2.4.1,wie das quecksilber sey eine gemeine materi aller metall
2.5.1,aber es ist zuwissen
2.6.1,dass in der natur das erste ist die materi zusamen geheuffet
2.6.2,aus den vier elementen
2.6.3,allein nach erkantnus vnd eigenschafft der natur
2.6.4,dieselben materi heisen die philosophi mercurium oder quecksilbr
2.7.1,wie aber diser mercurius durch die wirckung der natur zu einer volkommenen form des golds
2.7.2,silbers oder der andern metall kompt
2.7.3,ist nicht noth alhier zuwissen
2.7.4,es schreibens die natuerlichen lehrer gnugsam in ihren buechern
2.8.1,auff solches ist gesetzet vnd gegruendet die kunst des steins der philosophi
2.8.2,dann sie hat ihren anfang in der natur
2.8.3,daraus folgt auch ein natuerlich ende in gerechter form durch gerechte natuerliche mittel
3.1.1,hernach folget zureden vom vrsprung des steines der alten weisen
3.1.2,vnd wie der mit der kunst volbracht wirdt
3.2.1,der erste tractat
3.3.1,dieser stein der weisen wird fuerbracht durch den weg der gruenenden natur
3.3.2,davon redet hali der philosophus sprechende
3.4.1,diser stein gehet auff sam wachsende vnd grunende ding
3.4.2,wann warumb grunen ist wider hindersich gebracht auff die natur
3.4.3,dardurch ein ding sprosset vnd herkompt
3.4.4,vnd grunend wird in seiner vorgeordenter zeit
3.4.5,auff das muss es durch den weg vnd heimlich
4.1.1,keit der kunst kochen vnd feulen
4.1.2,also dass man durch kunst der natur huelff thue
4.1.3,die kochet dann vnd feult fuer sich selber
4.1.4,bis so lang
4.1.5,dass sie ihrer zeit die recht form gibt
4.2.1,vnd die kunst ist nichts dann eine schickerin vnd beraiterin der naturen der materi
4.2.2,die der natur auff ein solches werck gezimet
4.2.3,darzu auch die zimlichen gefess vnd mas der wirckung mit vorbetrachter klugheit
4.2.4,wann alss wenig die kunst vornimmet von neuen anfang gold oder silber zumachen
4.2.5,so sie die ersten anfaenge den dingen nicht geben mag
4.2.6,also ist auch von noeten
4.2.7,dass man der kunst such die natuerlichen stet vnd grufft der mineralien
4.2.8,als sie haben in der erden
4.2.9,in jhrem ersten anfang
4.2.10,die kunst hat einen andern weg vnd deutung vnterschidlich vom wege der natur
4.2.11,vnd darumb hat sie auch vnterschidlichen wergkzeug
4.2.12,vnd demnach gebiret auch die kunst auss den vorgehenden natuerlichen vnd wurtzenlichen anfaengen der natur sonderliche ding
4.3.1,welche die na
5.1.1,tur durch sich selbst nimmermehr geberen moecht
5.1.2,dann die natur mag durch sich selbst nicht geberen
5.1.3,die ding
5.1.4,welche die metall von der natur vnvolkommen geboren
5.1.5,moechten eilend vnd augenblicklich volkommen gemacht werden
5.1.6,aber durch heimligkeitt der kunst aus zimlicher materi geborn durch die natur
5.1.7,dinend
5.1.8,die natur der kunst
5.1.9,vnd herwiderumb die kunst der natur mit zimlichen wergkzeug
5.1.10,vnd mit mass solcher wirckung vnd weiss
5.1.11,so der natur bequem ist
5.1.12,dass eine solche forma gemacht wird
5.1.13,vnd wiewol das mus mit kunst zugehen
5.1.14,dass der obgemelt stein zu seiner form durch kunst kompt
5.1.15,noch dann ist die form von der natur
5.2.1,dann ein jede wesentliche form eines jeden dinges
5.2.2,es sey zirlich
5.2.3,wachsend oder metallisch
5.2.4,die entstehet aus innerlicher macht der materi
5.2.5,ohn allein die menschliche seel
5.3.1,aber es ist zumercken
5.3.2,das die wesentliche form nit entstehen mag in der materi
5.3.3,es geschehe dan mit wirckung einer zufelligen form
5.3.4,nit auss crafft derselben
5.4.1,sondern aus der crafft einer
6.1.1,andern wircklichen substants
6.1.2,welche ist das feuer
6.1.3,oder eine andere zufellige waerme
6.1.4,die wirckt
6.1.5,dess nemen wir ein gleichnis von einem ajder hennen
6.2.1,jn deme entstehet nicht die wesentliche form
6.2.2,die da ist eine vermischunge des roten vnd weissen
6.2.3,in crafft der waerme
6.2.4,so in das ajwirckt
6.2.5,das ist von den bruetenden hennen
6.2.6,vnd wiewol das ajist die materi der hennen
6.3.1,noch dann entstehet nicht davon jhre form
6.3.2,die wesentlich oder zufellig
6.3.3,dann durch die feulung
6.3.4,die geschicht mit huelff der waerme
6.3.5,also auch in der natuerlichen materi des obgemelten steins entstehen nicht die zufelligen oder wesentlichen form ohne die feulung oder kochung
6.3.6,wie aber diese feulung ein geschick hat
6.4.1,folget hernach
6.5.1,die feulung oder putrefactio geschicht etwa mit auswendiger hitz in einem dinge
6.5.2,so die naturhitz oder waerme eines dings
6.5.3,dass da feucht ist
6.5.4,aussgezogen wird
6.6.1,es geschicht auch
7.1.1,die feulung gleicher massen von uebriger kaelte
7.1.2,so die natuerlich hitz von kelten zerstoeret wird
7.2.1,das ist aigentlich eine ertoedtung
7.2.2,dann ein jeglich ding enthelt sich von natuerlicher waerm
7.2.3,vnd geschicht endlich solche feulung in feuchten dingen
7.3.1,auff derlajfeulung
7.3.2,reden nicht die philosophi
7.3.3,sondern ihr feulung ist ein feuchtung oder eintrenckung
7.3.4,dardurch die trucknen ding zu ihrem vorigen stand kommen
7.3.5,auff dass sie grunen vnd wachsen moegen
7.4.1,jn der feulung wird die feuchtigkeit mit der truckenheit vereinigt
7.5.1,vnd nicht zerstoeret
7.5.2,also dass die feucht die truckenheit oder truckenen teil zusammen helt
7.5.3,vnd das ist aigentlich eine zerreibung
7.6.1,so aber die feuchte gantz von den truckenen geschiden ist
7.6.2,so werden von noethen die truckenen teil gesondert vnd gekeret in einen aschen
7.6.3,die incinerationem wollen auch nicht die philosophi haben
7.7.1,sondern sie wollen dass jhr feulung in eintrenckung
7.7.2,zerreibung vnd calcionirung also geschehe
7.7.3,dass die natuerliche feuchte vnd truckene miteinander vereinigt
7.7.4,von ueberfluessiger feuchtigkeit gesondert vnd trucknet
7.7.5,die zerstoerlich seind
7.7.6,ausgezogen werden
7.7.7,gleich als die speis
7.7.8,so einem thir in bauch kompt
7.7.9,gekochet vnnd zerstoeret wird
7.7.10,vnd daraus gezogen die nehrende crafft vnd feuchtigkeit
7.7.11,davon die natur enthalten vnd gemehrt wird
7.7.12,vnd jhre ueberfluessige theil abgesondert werden
7.7.13,aber jedoch
7.7.14,so wil ein jeglich ding gespeiset sein
7.7.15,nach aigenschafft seiner natur
7.8.1,das sol voraus in den obgemelten stein der philosophi angemercket sein
8.1.1,nu folget meldung zuthun von der materi der verborgenen natur des gesegneten steins der philosophen rc
8.2.1,der ander tractat
9.1.1,morienus spricht
9.2.1,jhr sollet wissen
9.2.2,dass sich das gantz werck diser kunst in zwejen schickligkeiten endet
9.2.3,vnd die hangen aneinander
9.3.1,alss
9.3.2,so eine verrichtet ist
9.3.3,dass die ander anfang
9.3.4,vnd vollendet
9.3.5,dann so ist die gantze meisterschafft volkommen
9.3.6,aber sie begeben sich nicht
9.3.7,dann in jhrer aigenen materia
9.3.8,solches eigentlicher zuvernemen
9.3.9,jst ihme ersten zuwissen
9.4.1,dass die natur
9.5.1,als geber redet
9.5.2,in seiner summa von der schoepffung der metall
9.6.1,wirckt die metall
9.6.2,aus quecksilber vnd schwefel
9.7.1,vnd das wil auch ferarius
9.7.2,in der frag von der alchimia am capitel
9.8.1,dass die natur von anbegin der metallen geburt
9.8.2,nimmet jhr fuer ein schleimig schwer wasser vermischt mit gar weiser schwefeliger behender erden
9.8.3,die resolvirt das in einen brodem oder dunst
9.8.4,vnd erhebet das in den adern oder grufften der erden
9.8.5,kochet oder dewet sie zu hauff festiglich
9.8.6,die feuchtigkeit vnd truckenheit also miteinander vereints
9.8.7,biss daraus wird ein substants
9.8.8,die man nennet quecksilber
9.8.9,vnd das ist nu die aigen vnd aller nechst materia der metall
9.8.10,alss auch oben gemeldt ist
9.9.1,darumben redet er abermals am capitel
9.9.2,so er spricht
9.10.1,die da wollen nachfolgen der natur
9.10.2,die sollen nicht nemen quecksilber allein
9.11.1,sondern quecksilber vnd schwefel miteinander zuhauff gefueget
9.11.2,nicht des gemeinen quecksilbers vnd schwefels
9.12.1,sondern dehn die natur zuhauff gefuegt hat
9.12.2,wol bereit vnd wol gekocht
9.12.3,in suesser flueessigkeit
9.12.4,jn einem solchen quecksilber hat die natur mit erster wirckung angefangen
9.12.5,vnd geendet in eine metallische natur
9.12.6,vnd damit hat sie auffgehoeret
9.12.7,dann sie hat dz jhre volbracht
9.12.8,vnd also der kunst gelassen
9.12.9,denselben zu vollenden in einen volkommenen stein der philosophi
9.13.1,jn den worten ist einem kundbar
9.13.2,dass welcher recht wil faren in dieser kunst
9.13.3,als auch alle philosophi sagen
9.13.4,der sol anheben
9.13.5,do die natur hat auffgehoeret
9.13.6,vnd sol nemen den schwefel vnd das quecksilber
9.13.7,den die natur in
10.1.1,der aller reinisten form zuhauff gefueget hat
10.1.2,wann in dem ist geschehen die gar behende vereinigung
10.1.3,die sonst niemand als durch die kunst bereiten mag
10.1.4,vnd das hat die natur
10.1.5,alss umb der geberung willen
10.1.6,der metallischen form gethan
10.1.7,aber dieselb materi
10.1.8,die also von der natur informirt ist
10.1.9,kompt zu guth der kunst
10.1.10,umb empfahung willen der crafft
10.1.11,die sich dann in solche behende materi legen
10.1.12,vnd darumb calcionirn etliche alchimisten das gold
10.1.13,auff dass sie es moegen auffloesen
10.1.14,vnd absondern die element
10.1.15,bis sie das bringen in einen behenden ainlitzen geist
10.1.16,oder subtile natur vnd feiste brodmigkeit des quecksilbers vnd schwebels naturen
10.1.17,vnd die ist dann die allernechste materia
10.1.18,die sich mit dem golde am allernechsten vergleicht
10.1.19,zuempfahen die form des verborgenen steins der philosophi
10.2.1,welche materi genant wirdt mercurius philosophorum vnd das wil aristoteles
10.2.2,so er redet zum alexandro dem koenig
10.2.3,erwele dir zu vnserm stein das
10.2.4,so mit dir koenig gezieret vnd gecroenet worden
10.3.1,wiewol diser mercurius allein die materi vnd ein einiges ding ist
10.3.2,vnd ohne vermischung anderer ding
10.4.1,so ist doch das ding also gemanchfaeltigt in seiner wirckung vnd in seinem namen
10.4.2,dass sich niemanden daraus richten kan
10.5.1,vnd das ist dorumb
10.5.2,als da spricht rosinius
10.5.3,auff das nicht ein jeder darzu kommen moechte
10.5.4,es ist auch zu gleicher weiss ein weg der wirckung
10.5.5,vnd ein fass
10.5.6,welches sich alles vilfeltiget von wegen der vergleichung aller der
10.5.7,so in der natur begriffen werden
10.5.8,dann ietz reden die philosophi
10.5.9,solvir das ding
10.5.10,ietz sublimir
10.5.11,vnd dann distilir
10.5.12,coagulir
10.5.13,machs auffsteigen
10.6.1,machs nidersteigen
10.7.1,trencks ein
10.8.1,truckens ab
10.9.1,vnd der schicklichkeit
10.9.2,die sie nennen
10.9.3,seind vnzehlich vil
10.9.4,welche doch alle einsmals miteinander
10.10.1,vnd in einem gefess vollendet werden
10.10.2,das bewert
11.1.1,alphidius
11.1.2,sprechend
11.2.1,du solt wissen
11.2.2,so wir solvirn so sublimirn wir auch
11.2.3,vnd calcionirn ohne vnterlas der zeit
11.2.4,wir reinigen vnd zufuegen vnser werck
11.3.1,vnd er redet weiter
11.3.2,also
11.4.1,wenn vnser corpus wird geworffen in das wasser
11.4.2,das es auffgeloest werde
11.4.3,so wirds bald schwartz vnd scheidet sich
11.4.4,vnd wird zu einem kalch
11.4.5,solvirt sich
11.4.6,vnd sublimirt sich
11.4.7,solvirende vnd sublimirend wirds mit dem geist vereinigt
11.4.8,welches in seinem anfang vnd geburt allen dingen der welt vergleicht wird
11.4.9,es sejsichtbar oder vnsichtbar
11.4.10,es habe eine seele oder nicht
11.4.11,jtem
11.5.1,den coerperlichen vnd thierlichen
11.5.2,den todten vnd lebendigen
11.5.3,den mineralischen vnd wachsenden
11.5.4,den elementen vnd jhren compositen
11.5.5,den heisen vnd kalten dingen
11.6.1,jtem
11.7.1,allen farben
11.7.2,allen fruechten
11.7.3,allen voegeln
11.8.1,vnd in summa allen dingen
11.8.2,die muegen sein von der erden biss in himmel
11.8.3,vnd vnter disen allen sein diser kunst die zwo schickligkeiten
11.8.4,welche obengemelt
11.8.5,die bedeuten die philosophi
11.8.6,in denen zwejen worten
11.8.7,dz weib
11.8.8,vnd der mann
11.8.9,oder die milch vnd die renn
11.8.10,welcher die nicht verstehet
11.8.11,der weis auch nicht die kochung dieser kunst
11.8.12,das sejnu gnug im anfang der ersten schickligkeit diser kunst geredt
12.1.1,nu folget
12.1.2,dardurch das gantz werck diser meisterschafft sich endet
12.1.3,vnd wird durch etlich gleichnis
12.1.4,vmbrede vnd manchfaeltige spruech der philosophi angezeigt
13.1.1,der dritte tractat hermes ein vater der philosophi spricht
13.2.1,es ist not
13.2.2,dass am ende diser welt himmel vnd erden zuhauffen kommen
13.3.1,meinende durch himmel vnd erden
13.3.2,die obgemelten zwo schickligkeitten
13.3.3,aber es entstehen viel zweiffel in der arbeit
13.3.4,ehe vnd sie zum ende gebracht werden
13.3.5,vnd das mag durch gleichnis vnd figuren verstanden werden
13.3.6,wie hernach folget
13.4.1,vnd ist das die erste gleichnis gott hat erschaffen erstlichen die erden eben
13.4.2,schlecht vnd feist
13.4.3,vnd gar fruchtbar an gries
13.4.4,sand
13.4.5,stein
13.4.6,berg vnd thal
13.5.1,aber durch die einfluss der planeten vnd wirckung der natur ist nu die erden verwandelt worden
13.5.2,in mancherlei gestalt
13.6.1,ausenwendig
13.6.2,von harten steinen
13.6.3,hohen bergen vnd tifen thalen
13.7.1,jnnwendig
13.7.2,von seltzamen dingen vnd farben
13.7.3,alss da seind
13.8.1,die ertz vnd ihre begin
13.8.2,vnd mit solchen dingen ist die erden gantz aus erster form kommen
13.8.3,vnd das hat sich ergeben aus solchen sachen
13.9.1,erstlich
13.10.1,so doch die erd gros
13.10.2,tif
13.10.3,lang
13.10.4,weit vnd breit ist gehauffet worden
13.10.5,so ist auch
14.1.1,durch stete wirckung der sonnenhitz dorinn worden eine schwoelhitzige
14.1.2,dunstige vnd daempfige waerme
14.1.3,welche die gantze erden bis in abgrund durchgangen vnd durchtrungen hat
14.2.1,dann die eingetrungene hitz der sonnen hat gewircket vnd geursachet in der kaelte vnd feuchtigkeit der erden
14.2.2,einen starcken dunst oder rauch
14.2.3,neblig vnd lufftig
14.2.4,welche alle seind inn der erden beschlossen gewest
14.2.5,vnd nach laenge der zeit sind jhrer viel worden
14.2.6,vnd auffs letzte so starck
14.2.7,das die erden in jhr die laenge solche nit hat koennen oder moegen behalten
14.2.8,nach deme sie natuerlich begern uebersich zubringen
14.2.9,vnd auffs letzte an den enden der erden
14.2.10,da jhr viel bejeinander seind worden
14.2.11,haben sie ein teil erdreich da zu hauff geworffen
14.2.12,den andern dort
14.2.13,vnd also manchen buehel
14.2.14,hoehe
14.2.15,vnd tiefen tal gemachet
14.2.16,vnd an den enden
14.2.17,da solche buehel
14.2.18,berg vnd thal seind worden
14.2.19,doselbst ist die erden am allerbesten mit der hitz
14.2.20,kaelten
14.2.21,feucht vnd trucknen gekochet
14.2.22,gesotten vnd gemenget worden
14.2.23,vnd da wird auch das best ertzt gefunden
14.2.24,wo aber die erden eben ist
14.2.25,da haben sich nit gehauffet solche duenst vnd rauch
14.2.26,darumben derselben enden nicht ertz gefunden wird
14.2.27,vnnd das aufferhaben erdrich
14.2.28,sonderlich da es schleimig
14.2.29,lettig
14.2.30,vnd feist ist gewesen
14.2.31,hat es die feuchtigkeit von oben ab durchdrungen
14.2.32,davon sie dann widerumb weich worden
15.1.1,vnd hat sich taigweiss festiglich uebereinander gesetzt vnd durch eintrucknung der sonnenhitz nach leng der zeit ie mehr gefestend
15.1.2,gehaertend vnd gebacken
15.1.3,welches erdreich aber bruechig vnd moerb
15.1.4,als kleiner gris
15.1.5,vnd sand
15.1.6,vnd noch weich ist
15.1.7,hangende aneinander als die trauben
15.1.8,dieselbig erden ist feistigkeit halber zu mager vnd sper
15.1.9,vnd hat der feuchtigkeit zu wenig gehabt
15.1.10,dorumben ist sie nicht gnugsam uebereinander gebacken
15.1.11,vnd ist also knollet
15.1.12,wie ein vnzertriben mues gebliben
15.1.13,oder als ein melbiger taig
15.1.14,der zu wenig begossen ist
15.1.15,dann kein erden wird nicht zu stein
15.1.16,sie seje dann von feister schleumiger erden
15.1.17,vnd wohl mit feuchtigkeiten vermenget
15.1.18,wann nach austrucknung des wassers von der sonnen hitz muss die feuchtigkeit die erden bejeinander behalten
15.1.19,sonsten bleibts muerbig vnd bruechig
15.1.20,vnd file wider voneinander
15.2.1,was auch noch nicht volnkomlich hart ist worden
15.2.2,mag noch heut zu tage durch stete wirckungen vnd sonnenhitz natuerlich zu harten vnd festen steinen werden
15.2.3,auch werden die obgemelten rauch
15.2.4,vnd duenst
15.2.5,die sich erstmals ergeben aus der aigenschafft der element in tiffe der erden beschlossen
15.2.6,durch die natur vnd einfluss der sonnen vnd anderer pla
16.1.1,neten wirckung gekochet
16.1.2,vnd so sie ergreiffen waesserige duenst mit einer reinen vnd subtilen erdigen substants
16.1.3,so wird gewircket der philosophi quecksilber
16.1.4,so sie aber gedigen
16.1.5,vnd zu einer feuerigen vnd erdigen subtilen haertigkeit gebracht werden
16.2.1,so wird gewircket der philosophi schwefel
16.2.2,von dem schwefel beschleust wol hermes
16.2.3,also redend
16.3.1,er wird anfahen die crafft der obersten vnd vntersten planeten
16.3.2,vnd mit seiner crafft durchgehet er starcke ding
16.3.3,er ueberwindet alle ding vnd alle kostliche stein
17.1.1,die andere gleichnis
17.2.1,hermes der erste meister diser kunst spricht also
17.3.1,das wasser des luffts
17.3.2,so da ist zwischen himmel v
17.4.1,erden das ist eines jeglichen dinges leben
17.5.1,dann durch seine feuchtigkeit vnd waerme ist es das mittel der zwejer widerwertigen
17.5.2,als feuer vnd wasser
17.5.3,vnd dasselb wasser hat abgeregnet ueber die erden
17.5.4,der himmel hat sich auffgethan vnd getauet auff erden
17.5.5,davon ists sues worden wie ein honig
17.5.6,vnd befeuechtiget
17.5.7,desshalben blueet sie
17.5.8,vnd tregt mancherley farben vnd frucht
17.5.9,vnd in jhrem mittel ist gewachsen ein groser baum mit einem silbern stam
17.5.10,der sich ausstrecket auff die ortt der welt
17.5.11,auff seinen asten haben gesessen mancherley vogel
17.5.12,die alle gegen dem tag sind abgeflogen
17.5.13,vnnd das raben haupt ist weiss worden
17.6.1,derselbige baum bringet drejerlejfruecht
17.7.1,die ersten seind die allerfeinisten perlein
17.7.2,die ander wird genant von den philosophen terra foliata
17.8.1,die dritte frucht ist allerfeinstes gold
17.9.1,diser baum gibt auch die frucht der gesundheit
17.9.2,er macht warm
17.9.3,dass kalt ist
17.9.4,vnd das warm macht er kalt
17.9.5,das truckne macht er feucht
17.9.6,vnd dz feuchte trucken
17.9.7,das haerte macht er weich
17.9.8,vnd das weiche haert
17.9.9,vnd ist das ende der gantzen kunst
17.10.1,davon redet auctor der drejer wort
17.11.1,die drejfruecht seind drey koestliche wort der gantzen meisterschafft
17.11.2,vnd dz meinet auch galenus
17.11.3,so er redet von dem kraut lunatica oder berissa
17.12.1,seine wurtzel ist eine metalline erde
17.13.1,hat ein roten stengel
17.13.2,mit einer schwertz beflecket
17.13.3,wechst leicht
17.13.4,nimmet auch leicht ab
17.13.5,gewinnet citrin blumen nach drey tagen
17.13.6,so man das thut in mercurium
17.13.7,so verendert sichs in ein volkommen silber
17.13.8,vnd so man das weiter seudt
17.13.9,verkert es sich in gold
17.14.1,dass dann hundert theil mercurium verkeret in das aller feinste goldt
17.15.1,von diesem baum redet virgilius im sechsten buch ethicorum so er meldet in einer fabul
17.16.1,wie das eneas vnd sylvius gingen zu einem baum
17.16.2,der hette gueldene zweig
17.16.3,vnd so offt man einen zweig von dem abbrach
17.16.4,so wuchs ein ander an dieselbe stadt
18.1.1,die dritte gleichnis
18.2.1,avicenna spricht im capitel von den feuchtigkeiten
18.3.1,die hitz
18.3.2,so sie wircket in einem feuchtem coerper
18.3.3,so gebieret sie im ersten eine schwaertze
18.3.4,aus der vrsach haben gesehen von weitem die alten weisen auffgehen einen nebel
18.3.5,der ueberging vnd verschwertzet die erden
18.3.6,vnd sie sahen auch die vngestuemme des meers vnd die wasserfluten ueber das antlitz der erden
18.3.7,vnd dieselben faul vnd stinckend werden
18.3.8,in der finsternis
18.3.9,auch sahen sie versincken den koenig der erden
18.3.10,vnd hoereten den mit begirlicher stimme ruffen
18.4.1,der mich erloeset
18.4.2,wird mit mir ewiglich leben
18.4.3,vnd regiren in meiner clarheit auff meinem koeniglichen stul
18.4.4,vnd die nacht vmbgab alle ding
18.4.5,des andern tages sahen sie ueber den koenig auffgehen einen scheinbarn morgenstern
18.4.6,vnd das licht des tages
18.4.7,die finsternus erleuchten die clare sonnen
18.4.8,durch die wolcken mancherlei gestalt der farben mit ihren straemen vnd glansten dringen
18.4.9,vnd ein wolrichenden
19.1.1,geschmack ueber allen bysam von der erden aufgehen
19.1.2,vnd die sonne clar erglantzen
19.1.3,jn deme was volkommen die zeit
19.1.4,das der koenig aller erden erloest vnd verneuert wurde
19.1.5,wolgezirt vnd gantz huebsch
19.1.6,dess schoenheit sich verwunderte sonn vnd mond
19.1.7,er was gecroenet mit drejen costbarlichen cronen
19.1.8,gemacht
19.2.1,eine von eisen
19.2.2,die andere von silber
19.2.3,die dritte von clarem golde
19.2.4,sie sahen in seiner rechten handt einen scepter mit siben sternen
19.2.5,die gaben alle einen gueldenen glantz
19.2.6,vnd in seiner lincken handt einen guldenen apffel
19.2.7,vnd dorauff sitzen eine weisse tauben
19.2.8,welcher fittigen uebersilbert
19.2.9,vnd ihre fluegel goldfarb waren
19.3.1,von deme hat wolgeredet aristoteles also
19.4.1,die zerstoerung eines jglichen dinges ist die gebehrung eines andern
19.5.1,das ist sovil geredet
19.6.1,auff dise meisterliche kunst
19.6.2,bevorab in der zerstoerlichen feuchtigkeit
19.6.3,vnd ernere jhn mit seiner mitwesentlichen feuchtigkeit
19.6.4,welches sein volkommenheit vnd leben sein wirdt
20.1.1,die vierte gleichnis
20.2.1,menaldes philosophus spricht also
20.3.1,ich gebeut allen meinen nachkoemlingen
20.3.2,dass sie die coerper geistlich machen
20.3.3,durch die auffloesung
20.3.4,vnd herwiderumb die geistlichen ding coerperlich
20.3.5,durch eine linde kochung von deme redet auch senior also
20.4.1,der geist loeset auff den coerper
20.4.2,vnd in der auffloesung zeucht er aus die seel des coerpers
20.4.3,vnd verkeret den coerper in die seele
20.4.4,vnd die seel wird verwandelt in den geist
20.4.5,vnd der geist soll wider zugefuegt werden dem coerper
20.4.6,denn so ist er bestendig mit dem coerper
20.5.1,vnd herwiderumb der coerper geistlich in crafft des geistes
20.5.2,das geben die philosophi zuverstehen in einer solchen signatur oder figur
20.6.1,sie sahen einen menschen
20.6.2,der war schwartz wie ein mor
20.6.3,der stecket in einem letten oder schwartzen vnsaubern schleim uebel schmeckende
20.6.4,deme kam zu huelff ein junges weib
20.6.5,schoen von angesicht
20.6.6,noch schoener am leib
20.6.7,vnd auffs huebschte geziret mit kleidern
20.6.8,die waren mancherley farben
20.6.9,sie war mit weisen fluegeln auff ihrem rucken geziret
20.6.10,die federn waren gleich den allerschoenesten weisesten pfawen
20.6.11,vnd hetten gueldene spigel
20.6.12,vnd die kihl waren geschmuecket mit feinen perlin
20.6.13,sie hette eine crone auff ihrem haubt von reinem golde
20.6.14,vnd auff der cron einen silbern stern
20.6.15,vmb jhren halss hette sie ein halssband von feinem golde
20.6.16,dorinnen versetzt den aller edelsten rubin
20.6.17,den kein koenig vermag zubezalen
20.6.18,sie hette an ihren fuessen gueldene schuhe
20.6.19,von jr ging aus der aller edelste geschmack ueber alle aromada
20.7.1,sie bekleidet den menschen mit einem purpurgewandt
20.7.2,vnd bracht jhn zu seiner hoechsten clarheit
20.7.3,vnd fueret ihn mit jhr zu himmel
20.7.4,davon redet senior also
20.8.1,es ist ein lebendiges ding
20.8.2,das nicht mehr stirbet
20.8.3,wan es ist mit einer ewigen vermerung geuebet
21.1.1,die fuenfft gleichnis
21.2.1,die philosophi geben zu diser kunst zwen coerper
21.2.2,nemlich
21.3.1,sonn vnd mon welches ist
21.4.1,erden vnd wasser
21.5.1,die heisens auch
21.6.1,man vnd weib
21.6.2,vnd die geberen vir kinder
21.6.3,zwey maenlein
21.6.4,das seind hitz vnd kaelte
21.6.5,vnd zwey weiblein
21.6.6,das seind feucht vnd truckenheit
21.7.1,das seind die vier element
21.7.2,vnd die machen das fuenfft wesen
21.8.1,vnd das ist die recht weiss magnesia
21.8.2,die nicht falsch ist
21.9.1,das beschleust senior
21.9.2,sprechende
21.10.1,so diese fuenffe versamlet
21.10.2,so werden sie ein ding sein
21.10.3,dass der natuerlich stein ausgemacht ist
21.11.1,auicenna spricht
21.12.1,so wir zu den fuenfften kommen moegen
21.13.1,so ist das ende kommen
21.14.1,vnsere meinung solches anzuzeigen
21.14.2,be
22.1.1,schreiben die philosophi ein aj
22.1.2,dann darinnen sein vier zusammen gefuegte ding
22.1.3,das erst vnd oberste die schal
22.1.4,ist die erden
22.1.5,vnd das weiss ists wasser
22.1.6,aber die haut zwischen der schale vnd dem weisen ist der lufft
22.1.7,vnd scheidet die erden vom wasser
22.1.8,der dotter ist fewer
22.1.9,vnd hat auch ein subtil heutel umb sich
22.1.10,das ist der ober subtiler lufft
22.1.11,der da wermer vnd subtiler ist
22.1.12,so er naeher ist dem feuer vnd scheidet fewer vnd wasser
22.1.13,mitten im dotter ist das fuenffte
22.1.14,daraus das junge huenlein wirdt vnd wechst
22.2.1,also sein in einem ay alle craefft mit sampt der materi
22.2.2,doraus die volkommene natur geschoepffet wird
22.3.1,vnd dz wil auch sein in dieser edlen kunst
23.1.1,die sechst gleichnis
23.2.1,rosinus hat solchs wollen anzeigen in einem gesicht
23.2.2,das hette er von einem menschen
23.2.3,der war todt
23.2.4,vnd war doch auffs huebschte am leibe
23.2.5,gantz weis wie ein saltz
23.2.6,der was in die glider zerteilet
23.2.7,vnd sein haupt war fein gulden
23.2.8,aber dem leib abgeschnitten
23.2.9,bey dem stunde ein vngestalter man
23.2.10,von angesicht grausam vnd schwartz
23.2.11,der hette ein zwejschneidiges schwert in seiner rechten hand mit blut vermailigt
23.2.12,vnd er was des guten menschn todtschlaeger
23.2.13,in seiner lincken hand hett er einen zedul
23.2.14,daran stunde geschriben
23.2.15,also
23.3.1,jch habe dich dorumb ertoedtet
23.3.2,dass du ein ueberfluessiges leben bekommest
23.3.3,aber dein haupt wil jch verbergen
23.3.4,domit nicht die weltgailen dich finden
23.3.5,vnd die erden verwuesten
23.3.6,vnd deinen leib begrabe jch
23.3.7,auff dass er faule
23.3.8,vermehre sich
23.3.9,vnd bring vnzeliche frucht
24.1.1,die sibend gleichnis
24.2.1,ovidius der alte roemer hat dergleichen an gezeigt
24.3.1,von den weisen alten
24.3.2,der sich da wolte widerumb verjungen
24.3.3,er solte sich lassen zerteilen vnd kochen bis zu seiner volkommenen kochung
24.3.4,vnd nicht fuerbasz
24.3.5,dann wurden sich die glider widerumben verainigen
24.3.6,vnd wurden jungen in viel craefften
25.1.1,hernach folget die eigenschafft der natur
25.1.2,dadurch sie ihre wirckung erlangt vnd hat
25.2.1,der vierte tractat aristoteles im buch von der geburt spricht also
25.3.1,die sonn vnd mensch geberen einen menschen
25.3.2,dann die crafft vnd geist der sonnen machen lebendig
25.3.3,vnd das geschicht sibenfeltiger weise
25.3.4,vnd durch wirckung der sonnenhitze
25.3.5,nach deme aber die philosophi in jhrem werck der natur mit kunst helffen mussen
25.4.1,so mussen sie auch mit kunst ein hitz regiren
25.4.2,gemess der sonnen
25.4.3,auff dass sie geberen moegen den obberuerten stein
25.4.4,vnd das geschicht auch sibenfaeltig
25.4.5,erstlich gezimet disem werck eine solche hitz
25.4.6,die da weich mach vnd schmeltz die theil der erden
25.4.7,die dick vnnd hart zusammen gebacken sein
25.5.1,davon redet socrates
25.6.1,es werden auffgehen
25.6.2,oder auffgethan die loecher vnd rus der teil des erdreichs
25.6.3,dass es an sich nemen mag
25.6.4,die crafft des fewers vnd wassers
26.1.1,zum andern
26.1.2,gezimet sich der hitz
26.2.1,dann durch jhre crafft wird von der erden getriben alle finsternus
26.2.2,vnd also erleucht sie
26.2.3,auff das spricht senior
26.3.1,es macht die hitze ein jeglich ding
26.3.2,das schwartz ist
26.3.3,weiss
26.3.4,vnd ein jedes weiss ding roht
26.4.1,wann als auch das wasser weiss machet
26.5.1,also erleuchtet das fewer
26.5.2,alss dann auch in der farb erscheinet
26.5.3,die gesubtilete erden
26.5.4,wie ein rubin
26.5.5,durch den tingirenden geist
26.5.6,den sie ueberkommet aus der crafft des feuers
26.5.7,auff solches spricht socrates
26.6.1,du wirst sehen ein wunderliches licht in der finsternis
27.1.1,zum dritten bringt die hitz in die jrdene ding eine geistliche crafft davon stehet geschriben in der turba
27.2.1,macht die coerper geistlich
27.2.2,vnd das fix ist
27.2.3,macht fluechtig
27.3.1,von solcher wirckung redet rasis
27.3.2,im buch von dem licht des lichten
27.3.3,so er spricht
27.4.1,man kan kein ding
27.4.2,das schwer ist
27.4.3,leicht machen
27.4.4,ohne huelff der leichten ding
27.4.5,auch moegen leichte ding nicht nidergedrucket werden
27.4.6,ohne beystaendt der schweren ding
28.1.1,zum vierten reiniget die hitz
28.1.2,vnd scheidet ab
28.1.3,das vnrein ist
28.1.4,wann sie nimmet ab die mineralischen zufaelle
28.1.5,vnd allen boesen gestanck
28.1.6,vnd ernehret das elixir
28.2.1,davon redet hermes
28.3.1,du solt absondern dass dick ist
28.3.2,von den subtilen
28.3.3,die erde von dem feuer
28.4.1,davon redet alphidius also
28.5.1,die erden lest sich mehr schmeltzen
28.5.2,vnd wird fewer
28.6.1,hierauff spricht rasis
28.7.1,es sein ettliche reinmachung der ding
28.7.2,welche mussen vorgehen vor der volkommenen beraitung
28.7.3,die genennet werden
28.8.1,mundificatio ablutio vnd separatio
28.8.2,dann allererst ist das werck volnbracht
28.8.3,so die vnreinen theil hinwegk sein
29.1.1,zum fuenfften erhoehet die hitz
29.1.2,dann durch die crafft der hitz wird der ver borgene geist in der erden in die lufft gebracht
29.1.3,vnd desshalben sprechen die philosophi
29.2.1,welcher ein verborgen ding herfuer bringen kan
29.2.2,der ist ein meister diser kunst
29.3.1,das wil morienes
29.4.1,da er spricht
29.5.1,welcher die seel erquick en kan
29.5.2,der wird jhre farb sehen
29.6.1,vnd alphidius spricht
29.7.1,ess seje dann
29.7.2,dass diser kampff hinauff steige
29.7.3,sonst wirst du nichts davon haben
30.1.1,zum sechsten macht warm die hitz die kalte erden
30.1.2,die kaelt halb todt gewesen ist
30.1.3,davon redet socrates
30.2.1,die hitz
30.2.2,so sie durchgehet
30.2.3,machet subtil alle jrdische ding die zu der materia dinen
30.2.4,aber zu keiner entlichen form
30.2.5,so lang sie nicht auffhoeret in die materi zuwircken
30.3.1,die oberzelten hitzen beschlisen die philosophi mit kurtzen worten
30.3.2,so sie sprechen
30.4.1,distilir sibenmal
30.4.2,so hastu abgesondert die zerstoerlich feuchtigkeit
30.4.3,vnd geschicht als in einer distilation
31.1.1,zum sibenden so ist die crafft von der hitz mit der hitz also gemehrt in der erden
31.1.2,dass sie hat ihre zusamm gedrungene theil resolvirt vnd leicht gemacht
31.1.3,dass auch die andern element uebertrifft
31.1.4,vnd desshalb sol diese hitz gemiltert werden mit der kaelten des monds
31.1.5,davon spricht calid also
31.2.1,erleschet das fewer eines dings
31.2.2,mit der kaelte eines andern dings
32.1.1,auctor der drejer wort in seinen shrifften
32.1.2,gibt ein son dere lehre zu regiren die hitz oder dass feuer
32.1.3,vnd spricht
32.2.1,so die sonn im wider ist
32.2.2,zeichnet sie den ersten grad
32.2.3,welcher schwach ist der hitz halber
32.2.4,vnd ist eine ordnung des wassers
32.2.5,aber so die sonn im leone ist
32.2.6,dann ist sie heiser
32.2.7,vnnd bezeichnet den andern grad
32.2.8,vnd das ist von wegen der grosen kaelten des wassers
32.2.9,vnd ist eine ordnung der lufft
32.3.1,jm schuetzen ist der dritte grad
32.3.2,vnd ist von keiner brennenden hitz
32.3.3,vnd ist eine ordnug dem lufft
32.3.4,oder eine ruhe vnd stillung
33.1.1,folget nu des gantzen wercks vielfaeltige wirckung
33.1.2,in vier kurtzen articuln begriffen
33.1.3,aigentlich zuvernehmen
34.1.1,das erste
34.1.2,so sich gebueret in der kuenst alchimiae ist die auffloesung
34.2.1,denn es erforderts die ordnung der natur
34.2.2,dasz der corpus in ein wasser gekeret werde
34.3.1,das ist ein quecksilber
34.3.2,vnd ist sovil geredet
34.4.1,das lebendig silber loeset auff den schwefel
34.4.2,welcher jhme zugefueget vnd zugedigen ist
34.5.1,vnd dise auffloesung ist nichts anders
34.5.2,dann eine ertoedtung des feuchten mit dem truckenen
34.5.3,vnd ist aigentlich die putrefactio
34.5.4,vnd desshalb wird die materi schwartz
35.1.1,das ander ist die coagulatio
35.1.2,die ist
35.1.3,das wasser widerumb verkeren in den corpus
35.2.1,vnd ist sovil geredet
35.3.1,dasz der schwefel
35.3.2,so vom lebendigem silber
35.3.3,widerumb auffgeloest ist
35.3.4,dasz er dasselbige lebendige silber wiederumb halt vnd zu jhme zeucht
35.3.5,vnd auss dem wasser die erde werd
35.3.6,oder der corpus
35.4.1,vnd da ist von noehten
35.4.2,andere vnd vilerlejfarben erzeigen
35.5.1,dann so sich wandeln die eigenschafften des wirckenden dinges
35.5.2,mus vor die schicklichkeit des leidenden dinges gewandelt werden
35.5.3,wann warumb in der auffloesung ist das lebendig silber gleich dem wirckendem
35.6.1,aber in der coagulation ist es das leidende
35.6.2,darein gewircket wird
35.7.1,vnd desshalb wird diese kunst zugeaignet dem spil der kinder
35.7.2,die so sie spilen
35.7.3,dass so oben gelegen
35.7.4,ligt ietzt vnten
36.1.1,das dritte ist sublimatio
36.2.1,durch welche der ietzgemelten erden feuchtigkeit distilirt wirdt
36.2.2,dann so das wasser in die erden reduciret ist
36.3.1,so ergibt es sich in die leichtigkeit des lufftes
36.3.2,vnd erhebt sich ueber die erden
36.3.3,alss ein langlecht wolcklein gleich einem aj
36.3.4,das ist der geist des fuenfften wesens
36.3.5,so genennet wird die tinctur
36.3.6,fermentum
36.3.7,anima
36.3.8,oder das oeel
36.4.1,vnd ist die allernechste materj des steines der philosophen
36.5.1,dann durch die sublimatio entstehet der aschen
36.5.2,welcher sich aus eigener crafft
36.6.1,jhme von gott eingeben
36.7.1,auffloeset
36.7.2,in meszigung des feuers
36.8.1,vnd also bleibet die erde calcionirt im grunde des glass einer feuerigen natur vnd aigenschafft
36.9.1,vnd das ist die rechte philosophiae sublimatio
36.9.2,durch welche die volkommene weiss volnbracht wird
36.10.1,darumb vergleicht man dise kunst der weiber arbeit
36.10.2,das ist das waschen
36.10.3,dass weiss werde
36.11.1,kochen vnd braten
36.11.2,dz gnug sej
37.1.1,das vierte vnd letzte
37.1.2,das sich gebuert
37.1.3,ist dises wasser
37.1.4,so von der erden gesondert ist
37.1.5,wider mit der erden vereiniget werde
37.1.6,dass eines umbs ander geschehe
37.1.7,soll anders der stein vollendt werden
37.1.8,wann warumb alles das in den natuerlichen dingen zuhauff oder in ein corpus gefueget ist
37.1.9,dass ist darumb
37.1.10,dass ein einiges compositum sej
37.2.1,jn den ietzgemelten vier articuln ist alles dz begriffen
37.2.2,davon die philosophi die gantze welt mit vnzelich vil buechern erfuellet haben
38.1.1,von der regirung des feuers
38.2.1,so ein ding der hitz beraubet ist
38.2.2,so wird keine beweglichkeit da sein
38.2.3,in der ordnung verwandelt sich der vater in den sohn
38.2.4,das ist soviel
38.3.1,dass geistlich ist leiblich
38.3.2,vnd das fluechtig bleiblich gemacht
38.4.1,oder sonn vnd mond sind zuhauff kommen
38.4.2,von disen zwejen planeten redet senior also
38.5.1,jch bin eine heisse vnd truckene sonn
38.5.2,vnd du luna bist kalt vnd feucht
38.5.3,vnd so wir auffsteigen werden
38.5.4,in die ordnung der eltesten
38.5.5,so wird vns eingossen ein brennende crafft oder ein brennendes licht
38.5.6,das ist
38.6.1,durch leer vnd meisterschafft der alten wird empfangen die erneuerung der feuchtigkeiten vnd sonn vnd monn werden durchleuchtig
38.7.1,jn der scala philosophorum steht also vom feuer
38.8.1,die hitz oder das feuer des gantzen wercks ist nicht einer einigen form
38.8.2,dann es sprechen ettliche
38.8.3,dass die hitz des ersten regiments
39.1.1,sol sein
39.1.2,als die waerme einer brutenden hennen etliche
39.1.3,alss die natuerliche waerme in der dawung der speiss vnd narung des leibes
39.2.1,etliche sagen
39.2.2,als die hitz der sonnen
39.2.3,so sie im wider ist
39.2.4,wiewol der stein durch eine wirckung volbracht wird
39.3.1,nichts minder verendert sich die schicklichkeit des feuers drejfaeltig
39.4.1,die erst schicklichkeit sol sein lind vnd mesig
39.4.2,die sol wehren biss die materj erschwartzet
39.4.3,auch ferner biss sie inn die weiss verkeret wird
39.4.4,vnd diese hitz wird vergleichet der sonnenhitz
39.4.5,so sie im wider ist
39.4.6,vnd anfehet zu sein im stier
39.5.1,so die weis erscheinet
39.5.2,sol gemercket werden
39.5.3,das feuer biss auff die volkommene austruckunung oder aescherung des steines
39.5.4,vnd die hitz wird zugleichet der sonnenhitz so sie ist im stir
39.5.5,vnd anhebet zu sein im zwielling
39.5.6,vnd so nu der stein getrucknet vnd geaeschert ist
39.5.7,so wird das feuer widerumben gestercket
39.5.8,biss er volkommen
39.5.9,roht vnd mit koeniglichem kleide vom feuer becleidet wird
39.6.1,vnd dise hitz wird vergleicht der sonnenhitz
39.6.2,so sie im leo
39.7.1,das ist
39.7.2,in ihrer hoechsten wirdigkeit jhres hauses ist
39.8.1,das sejgnug geredt von der regirung des feuers
40.1.1,von den farben die sich erzeigen in beraitunge des steins der fuenfft tractat
41.1.1,mizaldus der phjlosophus spricht in der turba
41.2.1,es schwaertzet sich zwir
41.2.2,es gilbet sich auch zwir
41.2.3,vnd wird zwir roht
41.3.1,vnd dorumb koch es
41.3.2,dann in der kochung erscheinen mancherley farben
41.3.3,vnd den farben nach wird die hitz verendert
41.3.4,vnd wiewol alle farben in jhm erscheinen
41.3.5,so sind doch drey allein
41.3.6,die fuertreffern vnter allen
41.3.7,als hauptfarben
41.3.8,vnd seind die schwartz
41.4.1,weiss
41.5.1,vnd roht
41.5.2,zwischen denen erscheinen mancherlejfarben
41.5.3,eine gelblicht farbe
41.5.4,vnnd nach der weiss oder nach der ersten roht
41.5.5,die meldt mizaldus nicht
41.5.6,aus der vrsach
41.5.7,dass sie keine volkommene farbe ist
41.5.8,wie ciliator sagt
41.5.9,vnd besteht in der materj kaum so lang
41.5.10,dass man sie sehen mag
41.5.11,aber die ander gelbliche farb
41.5.12,die sich ergibet
41.5.13,nach der volkommenen weiss
41.5.14,vnd vor der letzten roehte
41.5.15,die erzeiget sich ein zeitlang in der materia
41.5.16,vnd dorumb habens etliche philosophi auch fuer eine haubtfarb geachtet
41.5.17,das mizaldus wil
41.5.18,wie oben gemeldet
41.5.19,sie weret aber nicht so lang alss die schwartz
41.5.20,weise oder rohte
41.5.21,welche in der materi stehen ueber vier tag
41.5.22,die schwartz vnd rohte kommen zwir
41.5.23,allweg volkommener zum andern mal
41.5.24,aber die erst volkommene farbe ist die
42.1.1,schwartz
42.1.2,die sich ergibt in der allerlindesten hitz davon redet ciliator also
42.2.1,die weissmachung sol in der linden waerme geschehen
42.2.2,biss die schwertz vergehet
42.2.3,vnd darumb spricht lucas der philosophus in der turba
42.3.1,huetet euch fuer starckem feuer
42.3.2,dan so jhr im anfangk ein uebriges feuer machet
42.3.3,so wird es vor der zeit roht
42.3.4,vnd das ist euch nit nutz
42.3.5,dann warumb
42.4.1,jm anfang seiner regirung solt ihr haben die schwaertz
42.4.2,darnach die weiss
42.4.3,vnd auffs letzt die roehte
42.5.1,balthaeus der philosophus in der turba sagt also
42.6.1,koche dein composits biss du sie weiss gesiehest
42.6.2,lesch ab in essig vnd scheide die weiss von der schwertz
42.6.3,dann die weiss ist ein zeichen vnd rechnt sich der fixion
42.7.1,sie bedarff auch
42.7.2,dass sie durch dass feuer der calcionirung ausgezogen werde von der schwaertzen
42.7.3,dann sie scheiden sich also durch mehrung der hitz die ueberfluessigen theil
42.7.4,vnd bleibt eine grobe erde vnter der materi des steins
42.7.5,wie ein schwartze rohe erden
42.7.6,die sich nicht mehr vermischet mit der reinen vnd subtilen materi dess steins
42.7.7,vnd das ist das wort der philosophen
42.7.8,so sie sprechen
42.8.1,dass die roehte der weiss sol ausgezogen werden
42.8.2,dann es ist nichts ueberfluessiges in jhr
42.8.3,es scheidet sich auch nichts ab
42.8.4,sondern alles wird volkommen roht
43.1.1,vnd darumb schaffen sie das zuthun mit starckem feuer
43.2.1,vnd das bezeuget pytagoras sprechend
43.3.1,so jhr ie mehr solt stercken das feuer
43.3.2,wann sich die farben ie mehr verendern
43.4.1,dann es ist nicht mehr sich zufuerchten vor dem feuer
43.4.2,dann die materi ist fix von der weisen farb
43.4.3,vnd die species fliehen nicht von jhr
43.4.4,auff das spricht lucas phs
43.5.1,so vnser magnesia ist weiss gemacht
43.5.2,lest die species von jhr nicht weichen
43.6.1,sovil sejgeredet von den farben der heimlichen philosophia
43.7.1,vnd folgt diser beschluss dorauff
43.8.1,hermes ein vater der philosophen spricht
43.9.1,dass man die weiss magnesia ietz vorgemelt
43.9.2,nit muege aussmachen
43.9.3,biss alle jhre farben vollendet sein
43.9.4,welche ist ein wasser
43.9.5,das sich teilet in vier wasser
43.9.6,jedoch andere wasser
43.9.7,nemlich
43.10.1,ein zu zwejen
43.10.2,vnd drejzu einem
43.10.3,welcher ein dritteil zur hitz gehoert
43.10.4,aber zwejdritteil zu der feuchtigkeit
43.11.1,dise wasser seind gewicht der weisen
43.11.2,auch ist zu wissen
43.11.3,das der weinstock
43.11.4,der ein safft ist der weisen
43.11.5,wird in fuenfften ausgezogen
43.11.6,aber sein wein wird im dritten ende ausgemacht nach rechter proportion
43.11.7,wann in der kochung vermindert es sich
43.11.8,vnd in der zerreibung formet es sich
43.11.9,jn dem allen ist begriffen anfang vnd ende
43.12.1,dorumb
44.1.1,sagen die philosophi
44.1.2,das es volkommen werde in siben tagen
44.1.3,die andere in vier tagen
44.1.4,ettlich zu drejmaln
44.1.5,etlich zu viermaln
44.1.6,etlich in zehen tagen
44.1.7,etlich in viertzig tagen
44.1.8,etlich in einem jar
44.1.9,turba vnd alphidius in den vir zeiten des jars
44.1.10,alss
44.1.11,lentz
44.1.12,sommer
44.1.13,herbst vnd winter
44.1.14,jtem
44.1.15,in einem tag
44.1.16,in einer wochen vnd in einem monat
44.1.17,aber geber vnd aristoteles die philosophi sprechen
44.2.1,in dreyen jarn
44.2.2,welches alles miteinander nichts anders ist
44.2.3,dan ein ding in einem ding
44.2.4,dann seine schiklichkeit die manchfeltig ist
44.2.5,also auch manchfeltigen sie die zeit
44.2.6,gewicht vnd namen
44.2.7,desz sich ein verstendiger kuenstler alles erfaren muss
44.2.8,oder er mag nichts schaffen
45.1.1,von eigenschafften der gantzen arbeit der bereitung des steins
45.2.1,der sechst tractat die calcionirung wird im anfang dises wercks gesetzt
45.2.2,als der vater in ein geschlecht
45.2.3,vnd ist drejerlejweiss
45.3.1,die zwo gehoeren an das corpus
45.3.2,vnd die dritte dem geist
45.4.1,die erste ist eine bereitung der kalten feuchtigkeit
45.4.2,die das holtz verhuett
45.4.3,dass nicht verbruent
45.4.4,vnd ist ein anfang vnsers wercks
45.4.5,die ander ist einer feisten feuchtigkeit
45.4.6,die dass holtz thut verbrennen
45.4.7,die dritte aber ist ein aescherung oder jncineratio der truckenen erden
45.4.8,vnd gibt eine werhafftige fixe vnd subtile feuchtigkeit
45.4.9,jhr ist auch wenig
45.4.10,vnd gibt keine flammen
45.4.11,vnd gibt ein claren corpus
45.4.12,als glas
45.5.1,solcher mas gebiten die philosophi
46.1.1,jhre calcionirung zumachen
46.1.2,vnd das wird volbracht mit dem aqua permanente oder aceto acerrimo
46.1.3,dergleichen feuchtigkeit ist in den metallen
46.1.4,dann sie ist ein anfang der schmeltzung
46.1.5,das beweiset hermes
46.1.6,da er spricht
46.2.1,das wasser ist ein anfang aller weichen ding
46.2.2,desshalben ist die calcionirung der philosophen eine anzeigung der zerstoerlichen feuchtigkeit
46.2.3,vnd ein anbringung einer frembden feurigen feuchtigkeit davon die wesenlicheit vnd das leben entsteht
46.2.4,derhalben heists eine schmeltzung oder incineratio
46.2.5,vnd dise schmeltzung geschicht mit dem wasser der philosophen
46.2.6,welches eigentlich ist die sublimatio oder philosophorum solutio
46.2.7,dann durch sie wird die harte truckenheit verendert in eine weichung die trucken ist
46.2.8,vnd also ist aussgezogen die quinta essentia vnd absonderung der element
46.2.9,vnd das geschicht dorumb
46.2.10,das die teil
46.2.11,so durch das feuer gedoerret vnd zusammen gedrucket sein
46.2.12,subtil werden
46.2.13,durch den geist
46.2.14,der da ist ein resolvirend wasser
46.2.15,vnd feuchtet den geaescherten coerper
46.2.16,vnd miltert die zerstoerende eingebrachte hitz
46.2.17,in eine luefftige resolvirunge
46.2.18,vnd das ist die duen seltzamheit der element
46.2.19,desshalb heists die sublimatio
46.2.20,so die grob erdigkeit duen oder subtil gemacht
46.2.21,vnd in eine feuchtigkeit dess wassers
46.2.22,vnd die kelte dises wassers in die werme
47.1.1,des luffts
47.1.2,vnd die feuchtigkeit des luffts in die hitz des feuers gekert
47.1.3,vnd das ist eine verkehrung der element
47.1.4,vnd die ausgezogen quinta essentia von den elementischen fecibus
47.1.5,vnd dise quinta essentia ist eine wurtzenliche feuchtigkeit einer gantzen hohen natur
47.1.6,die da vnzelich tingirt
47.1.7,es ist auch die rechte fixation
47.1.8,davon geber redet
47.2.1,es wird nit fix
47.2.2,es werde dann erleuchtet
47.2.3,vnd werde eine schoene durchscheinende substantz
47.2.4,dann da entsteht der sulphur philosophorum
47.2.5,oder der asch der aus der aschen gezogen ist
47.2.6,ohne das ist die gantz meisterschafft umbsonsten
47.2.7,dann es ist ein metallins waszer
47.2.8,das sich ergeuset in den coerper
47.2.9,vnd macht jhn lebendig
47.2.10,vnd ist eine elixir der roten vnd weissen tinctur
47.2.11,vnd ein tingirender geist
47.3.1,es geschicht auch in diser arbeit die rechte ablutio der schwertz
47.3.2,vnd des gestancks
47.3.3,vnd dazu todt vnd wider lebendig gemacht
47.3.4,so darein gebracht wird eine reine vnzerstoerliche hitz vnd metallische feuchtigkeit
47.3.5,davon es die tingirende crafft hat
47.3.6,domit wird auch volbracht der philosophorum putrefactio oder feulung
47.3.7,davon in disem buechl im anfang geredet ist
47.4.1,so dz offenbar
47.4.2,als es vorgewest
47.4.3,zerstoeret
47.4.4,vnd das verborgen herfuer gebracht ist
47.4.5,davon redet turba
47.4.6,die feulung ist die erste
47.4.7,vnd zeucht an sich die allergroeseste heimligkeit
47.4.8,sie ist auch die rechte absonderung der element
47.4.9,das ist zufaelle verkeren
48.1.1,davon redet turba
48.2.1,verkere die element
48.2.2,das feucht ist mach trucken
48.2.3,vnd das fluechtig ist mache fix
48.3.1,vnd spricht weiter
48.4.1,so es alles zu pulver gestosen ist
48.4.2,so ists mit fleis bereit
48.5.1,vnd das ist der philosophen zerreibung
48.6.1,vnd darumb spricht senior
48.7.1,es sol die calcionirung nichts
48.7.2,es werde dann ein pulver daraus
48.8.1,ess ist auch die kochung
48.8.2,davon alle philosophi reden
48.8.3,sonderlich albertus magnus
48.8.4,also sprechende
48.9.1,vnter allen ist keine
48.9.2,die der natur als gar nachfolgt
48.9.3,als die alchimia
48.9.4,vnd das von wegen der kochung vnd formirung
48.9.5,dann sie wird gekocht in feurigen roten metallischen wassern
48.9.6,die allermeisten haben von der form
48.9.7,vnd wenig von der materi
48.9.8,es ist auch der philosophorum assatio
48.10.1,oder bratung
48.10.2,dann die zufellige feuchtigkeit wirdt mit einem linden feuer verzeret
48.10.3,vnd allermeist ist sich zuhueten
48.10.4,dass der geist
48.10.5,der den coerper austruknet
48.10.6,vnd vom coerper getrucknet wird
48.10.7,dem coerper nit entgehe
48.10.8,oder es wird nicht volkommen sein
48.11.1,es ist auch der philosophorum distillatio oder clarificirung
48.11.2,welchs nichts anderst ist
48.11.3,dann eine vereinigung eines dings mit seiner wesentlichen feuchtigkeit
48.12.1,vnd mit der coagulation beschlisen die philosophi das gantz werck
48.13.1,davon redet hermes
48.14.1,sein zuchtmutter ist die erden
48.14.2,das ist soviel
48.15.1,sein crafft ist gantz
48.15.2,so es verendert ist in ein bestendige erden
48.15.3,vnd so noch vnzehlich vil wirckung
48.15.4,alss auch hernach folgt
48.15.5,daraus muegen werden
48.15.6,so ists
49.1.1,doch nicht anders
49.1.2,dann dass auffs allernatuerlichste volnbracht werde
49.1.3,dann die kunst
49.1.4,welcher natur in der warheit
49.1.5,vnd nicht in gleichnis
49.1.6,alss andere kuenst
49.1.7,nachfolgen
49.1.8,das bewehret senior
49.1.9,so er spricht
49.2.1,er lebet nicht
49.2.2,der dise kunst ohne die natur volbringen mag
49.2.3,ja sage jch mit solcher natur
49.2.4,welche vom himmel herab der natur eingegeben ist
50.1.1,von des gantzen wercks vilfeltigen wirckung
50.1.2,auch wie die philosophi so vil namen vnd vergleichung in diser kunst der bereitung des steins einfueren
50.3.1,der sibend tractat es ist ein gemeines sprichwort aller philosophen
50.3.2,welcher das lebendig silber zu toedten weiss
50.3.3,der ist meister in diser kunst
50.4.1,es ist aber mit gar grosem fleiss achtung zu haben auff jhr quecksilber
50.4.2,dann sie beschreibens gar vilfaltig
50.5.1,senior spricht also
50.6.1,vnser feuer ist ein wasser
50.6.2,so du einem feuer ein feuer kanst geben
50.6.3,vnd einem mercurio einen mercurium
50.6.4,so kanst du sein gnug
50.7.1,damit wil er das quecksilber heisen ein wasser vnd ein feuer
50.7.2,vnd das feuer mus mit feuer gemacht werden
50.8.1,jtem er spricht
50.8.2,die seel wird ausgezogen durch die feulung
50.8.3,vnd so nichts mehr da von der seel bleibet
51.1.1,so hast du den coerper schon gewaschen
51.1.2,da es ist eine seel vnd ein coerper
51.1.3,jtem er wird genandt quinta essentia
51.1.4,oder ein geist
51.1.5,aqua permanens oder menstrum
51.1.6,die turba redet also
51.2.1,nemet das quecksilber
51.2.2,vnd coagulirts in den coerper magnesia
51.2.3,oder im schwefel
51.2.4,der nicht verbrint
51.2.5,vnd zertreibts in den allerschaerffisten essig
51.2.6,vnd in dem essig wirds weder schwartz noch weis
51.2.7,oder rohtferbig
51.2.8,vnd also wird es ein getoedt quecksilber vnd ist von weiser farb
51.2.9,ehe das feuer dazu kompt
51.2.10,so wirds roht
51.2.11,davon redet die turba also
51.3.1,legends ins goldt
51.3.2,so wird das ein elixir
51.3.3,das ist
51.4.1,seine tinctur
51.4.2,vnd ist ein schoenes wasser
51.4.3,ausgezogen von vilen tincturn
51.4.4,gibt das leben vnd die farb allen denen es eingebracht wird
51.5.1,demnach spricht turba
51.6.1,das color tyrius
51.6.2,das ist eine rote farbe
51.6.3,die allerbeste sey
51.6.4,darnach kompt ein kostbarliche purpurfarbe
51.6.5,vnd dises ist das rechte quecksilber
51.6.6,dz bringt suessen geschmack
51.6.7,vnd ist eine warhafftige tinctur
51.7.1,aus deme ist gnugssam zuverstehen
51.7.2,dz die philosophi nicht allein den anfang jhrer kunst
51.8.1,sondern auch das mittel vnd volkommen ende dem quecksilber zugeschriben haben
51.9.1,hermes der philosophen vater redet also davon
51.10.1,jch hab achtung gehabt auff einen vogel
51.10.2,welchen die philosophi orsam nennen
51.10.3,derselb fleucht so es im wider
51.10.4,krebs vnd wag oder steinbock ist
51.10.5,vnd du wirst dir denselben ewiglich ueberkommen
52.1.1,aus rechten mineralien
52.1.2,vnd costbarn gebirg
52.1.3,seine theil sold du theilen
52.1.4,vnd besonder das
52.1.5,nach der teilung ueberbleibt
52.1.6,vnd so die erden complectionirt ist
52.1.7,vnd viel farben in jhr sihest
52.1.8,nennet sie der weisse man ceram sapientiae plumbum
52.2.1,von deme reden die philosophj dieselbige zu braten vnd distillirn
52.2.2,durch tag vnnd zeit
52.2.3,nach der zal vnd teilung der theil
52.2.4,vnd geben den dingen vil namen
52.2.5,sprechende
52.3.1,sublimir
52.3.2,rectorir
52.3.3,figir
52.3.4,biss auff den grund bleibet
52.3.5,jtem incerir
52.3.6,imbibir biss es fleust
52.3.7,jtem
52.4.1,machs todt vnd wider lebendig
52.4.2,jtem
52.5.1,feils vnd zerbrichs
52.5.2,biss das verborgen offenbar
52.5.3,vnd das offenbar verborgen wird
52.5.4,jtem
52.6.1,sondere ab die element
52.6.2,vnd fuege sie wider zusammen
52.6.3,jtem
52.7.1,zerreibs
52.7.2,biss das leiblich geistlich wird
52.7.3,vnd herwiderumb
52.8.1,jtem zeuch ab die seel vom coerper
52.8.2,jtem
52.9.1,rectificir die coerper vnd geist
52.9.2,jtem
52.10.1,den venus mach weiss
52.10.2,dem iupiter nim sein kitzschen
52.10.3,mach hart den saturnum
52.10.4,vnd mach weich den martem
52.10.5,mach citrin farb die luna
52.10.6,vnd solvir alle coerper in ein wasser
52.10.7,dass da allen coerpern die vollkommenheit gibt
52.11.1,sie leren auch vil bratens ueber den schwartzen schwefel
52.11.2,biss es roht wird
52.11.3,dann heisen sie dehn distillirn
52.11.4,bis ein weiser durchscheiniger gummi wird
52.11.5,gleich dem corpus
52.11.6,das doch hoch gepreiset vnd genennet wird lac virginis
52.11.7,dan so vermengen sie das wasser
52.11.8,so abgezogen wird von der jungfraw milch
52.11.9,vnd bringens in ein
53.1.1,roten gueldin gummi
53.1.2,vnd in ein dickes durchsichtigs wasser
53.1.3,das sol man coagulirn
53.1.4,alss dann nennens sichs tincturam sapientiae
53.1.5,vnd ein feuer den farben
53.1.6,ein seel vnd ein geist
53.1.7,der die weitgewanderten wider heimbzeucht
53.1.8,jtem
53.2.1,sulphur rubeum gummi aureum corpus desideratum aurum singulare aurum apparens jtem
53.3.1,aqua sapientiae terram argenteum terram albam aerem sapientiae sonderlich so es eine grose weisse hat
53.3.2,davon stehet in der turba also
53.4.1,jhr solt wissen
53.4.2,wo jhr vor gold nicht vorhin weiss macht
53.4.3,so mueget jhr auch nicht roht machen
53.4.4,dann die zwey stueck sind einer natur
53.4.5,das weise wirdt sein von roten
53.4.6,schwartzen vnd reinen wassern
53.4.7,das christallin wird sich erzeigen von den citrinroten
53.4.8,darumb spricht senior
53.5.1,es ist ein wunderlich ding
53.5.2,so du es wirffest ueber die andern drey vermengten
53.5.3,so hilffts dem weissen ueber das cjtrin
53.5.4,vnd das roht machts wie silberfarbe
53.6.1,darnach hilffts dem roten uebers citrin
53.6.2,vnd machets weissfarb
53.6.3,uebers weiss vnd roht
53.6.4,vnd machts citrin goldfarb
53.6.5,darnach hilfets auch den roten uebers citrin
53.6.6,vnd machets das weissfarb wird
53.7.1,von den dingen redet morienus
53.8.1,beschaue das volkommene citrin
53.8.2,vnd das verendert in seiner citrinitaet
53.8.3,vnd das volkommene roht
53.8.4,vnd das vermindert
54.1.1,in seiner roehte
54.1.2,vnd fuerdert das volkommen schwartz in seiner schwartzheit
54.1.3,hieraus ist clerlich
54.1.4,das gold der philosophen ein anders
54.1.5,dann gemein gold oder silber
54.1.6,wiewol die philosophi vergleichens etlicher zufaell halber dem gemeinen gold vnd silber
54.1.7,desshalb auch mit allen metallen
54.1.8,senior spricht
54.2.1,jch bin ein hart vnd trucken eisen
54.2.2,vnd ist kein ding das mir gleichet
54.2.3,dann ich bin eine coagulats dem quecksilber der philosophen
54.3.1,turba sagt
54.4.1,kupffer vnd bley werden ein koestlicher stein
54.4.2,das blej
54.4.3,so die philosophi roht bley heisen
54.4.4,ist ein anfang des gantzen wercks
54.4.5,ohne dasselbige wird nichts gemacht
54.4.6,vnd man redt also davon
54.5.1,auss rohtem bley mach eisen oder crocum
54.5.2,vom weissen bley mach eine weise tinctur
54.5.3,oder zin
54.5.4,aus zin mach kupffer
54.5.5,auss kupffer mach blejweiss
54.5.6,aus bleyweyss mach minium
54.5.7,vom minio mache eine tinctur
54.5.8,so hast du die weisheit angefangen
54.5.9,wiewol der philosophus spricht
54.6.1,es ist dem goldt nichts so nahe alss bley
54.6.2,dann in jhme ist das leben
54.6.3,vnd aller heimligkeit heimlichs
54.7.1,dass ist aber nicht von gemeinem bley
54.7.2,jtem der marckasit von desswegen
54.7.3,das die stinckend erden gulden funcken gewinnet
54.7.4,alss morienus sagt
54.7.5,wird auch vergleicht dem arsenico
55.1.1,auripigmento vnd tuciae
55.2.1,jtem etlich vil dingen
55.2.2,die gar nicht mineralisch sein
55.2.3,als
55.3.1,den vier complectionen
55.3.2,dem tjriack
55.3.3,dem basilisco
55.3.4,dem blut
55.3.5,vnd dergleichen ueberfluessigen dingen
55.3.6,vnter den mineralischen dingen
55.3.7,dem saltz
55.3.8,alaun
55.3.9,victriol
55.3.10,vnd den andern von vilerley aigenschafft willen
55.3.11,vor allen dingen warnet vns alphidius vnd spricht
55.4.1,liber son
55.4.2,huete dich vor den geisten
55.4.3,coerpern vnd steinen
55.4.4,die todt sein
55.4.5,alss oben erzelt
55.4.6,dann in jhnen ist kein wegk
55.4.7,auch wirstu dein fuersatz vnd anschlag bey jhnen nicht finden
55.4.8,dann jhr crafft mehret sich nicht
55.4.9,sondern wird zu nicht
55.4.10,aber der philosophen saltz
55.4.11,das da eine tinctura ist
55.4.12,wie ander sal alkali
55.4.13,ausgezogen diss
55.4.14,von den coerpern der metall
55.4.15,davon redet senior also
55.5.1,erstlich wirds eine asch
55.5.2,darnach ein saltz
55.5.3,vnd durch vilfaltige arbeit wird es zuletzt ein mercurius philosophorum
55.6.1,aber vor allen ist sal armoniacum das beste
55.6.2,vnd edelste
55.6.3,das bestatt aristoteles im buch von den siben geboten
55.6.4,also sprechend
55.7.1,almisadir das ist sal armoniacum sol dir allein dinen
55.7.2,dann dasselb solvirt die corper
55.7.3,vnd macht sie weich vnd geistlich
56.1.1,das wil auch die turba mit disen wortten
56.2.1,jhr solt wissen
56.2.2,dass sich der coerper nicht tingirt
56.2.3,es sey dann das der geist
56.2.4,welcher in seinem bauch verborgen ligt
56.2.5,ausgezogen werde
56.2.6,so wirds ein wasser
56.2.7,vnd ein coerper
56.2.8,welcher geistlicher natur ist
56.2.9,darumb dass sich das dicke jrdische ding nicht tingirt
56.2.10,aber das gerecht ist von duenner natur vnd ferbet
56.2.11,aber der geist
56.2.12,der waesserigen natur ist
56.2.13,tingirt den in ein elixir
56.2.14,vnd dorumb das aus jhn erzogen wird
56.2.15,ist eine weise vnd rohte fixion volkommen ferbenden eine durchgehende tinctur
56.2.16,die sich vnter alle metall vermischen thut
56.2.17,die vollkommenheit der gantzen meisterschafft hangt an disen einigen puncten
56.2.18,dass man den schwebel ausszeucht von den volkommenen coerpern
56.2.19,die haben den fixen martem
56.2.20,wann der schwebel ist jhr edelster subtilister theil
56.2.21,ein christallin saltz sues vnd schmackhafft
56.2.22,vnd eine wurtzenliche feuchtigkeit
56.2.23,welche so sie stuende ein jar im feuer
56.2.24,so wehre sie allwege wie ein zergangen wachs
56.2.25,vnd darumb ein kleiner theil erhoehet ein grosen hauff des gemeinen quecksilbers in ein warhafft goldt
56.2.26,dorumb die feuchtigkeit oder dz wasser
56.2.27,das man auszeucht den metallischen coerpern
56.2.28,das wird genennet die seel des steins
57.1.1,oder mercurius
57.1.2,aber seine crefften werden genennet der geist
57.1.3,so es eine schweblich natur ergreiffet
57.1.4,vnd die digen erden ist der leib oder das corpus
57.1.5,die quinta essentia vnd die endliche tinctur
57.1.6,vnd dise drejist ein einiges ding
57.1.7,einer einigen wurtzel allein
57.1.8,vnterschidlichen wirckung vnd namen
57.1.9,der ding sein vnzehlich vil
57.1.10,vnd gehet alles ueber ein ding
57.1.11,vnd seindt wie ketten ineinander vergleichet
57.1.12,also
57.1.13,wann eines auffhoeret
57.1.14,so fehet ein anders an
57.1.15,rc jn disem letzten teil ist zuvermercken
57.1.16,die tugend vnd crafft diser edlen tinctur
57.1.17,die ein thurn der sterck ist wider jhre feinde
57.1.18,vnd ist zuwiszen
57.2.1,dass die alten meister vnd weisen vier haubtugenden in der loeblichen kunst erfunden haben
57.2.2,zum ersten macht sie den menschen gesund von mancherley kranckheiten
57.2.3,zum andern macht sie volkommen die metallischen coerper
57.2.4,zum dritten verendert sie alle vnedle stein in edle stein
57.3.1,zum virten macht sie schmeidig ein jedes glass
57.3.2,vom ersten sagen die philosophi
57.4.1,so man jhne einnimmet in einen warmen trunck wein oder wasser
57.4.2,so machts denselben zu stund an gesunndt
58.1.1,paraliticum
58.1.2,wassersucht
58.1.3,den aussatz
58.1.4,gelbsucht
58.1.5,hertzzittern
58.1.6,darmgicht
58.1.7,fiber
58.1.8,fallende sucht
58.1.9,den grimmen vnd vil andere passiones inwendiges leibes
58.1.10,heilt auch ausswendige kranckheiten
58.1.11,so man sie domit salbet
58.1.12,denn von den gesunden magen die schedlichen fluess nimt es hinwegk
58.1.13,vnd alle melancholia vnd schwermuetigkeit vnd den schnupffen
58.1.14,wendet auch alle kranckheit der augen
58.1.15,es confortirt das hertz
58.1.16,bringt das gehoer
58.1.17,macht gute zaen
58.1.18,bringt wider die erlaemten glider
58.1.19,heilet auch die apostemata vnd in summa
58.2.1,man neme es ein oder brings in salben oder pulver
58.2.2,senior spricht
58.3.1,sie macht den menschen froelich
58.3.2,auch junggeschaffen
58.3.3,vnd behelt jhm seinen leib gantz freudig frisch vnd gesund
58.3.4,vor inwendig vnd auswendig gebrechen oder schaeden
58.3.5,die besserts
58.4.1,dann es ist eine artznejueber all andere artzney
58.5.1,hippocratis galeni constantini alexandri avicennae vnd aller der andern gelerten in der artznej
58.6.1,man sol auch allweg dise artznejvermischen vnter andere artznejoder wasser
58.6.2,die der kranckheit entgegen kommen
58.6.3,von der andern tugendt stehet geschriben
58.7.1,dass sie alle vnvolkommene metall verendere
58.7.2,vnd das ist offenbar
58.7.3,dann ein jedes das silbern ist machts gulden
58.7.4,in der
59.1.1,farb
59.1.2,substantz
59.1.3,gewicht vnd bestandt
59.1.4,jtem
59.2.1,an dem schlag
59.2.2,schmeltzung
59.2.3,weich vnd hart
59.3.1,vom dritten stehet geschriben
59.4.1,dass diese medicin alle stein zu koestlichen steinen machet
59.4.2,jaspis hyacinth
59.4.3,weiss vnd rote corallen
59.4.4,schmaragden
59.4.5,chrisoliten vnd saphir
59.4.6,jtem
59.5.1,auss christall carfunckel
59.5.2,rubin
59.5.3,topasien
59.5.4,die gar vil besser vnd crefftiger sein
59.5.5,dann die natuerlichen
59.5.6,sie thut all edle vnd vnedle stein schmeltzen vnd weich machen
59.6.1,zum vierten
59.6.2,so man dise medicin thut vnter geschmeltzt glas
59.6.3,so lests sichs schmiden vnd in alle farben verkeren
59.7.1,das uebrige mag ein jeder kluger kuenstler durch experients erfahren
59.8.1,hoc falsum est
59.9.1,beschlusrede
59.10.1,die allerteuereste kunst vnd troesterin der armen
59.10.2,die edel alchimia ueber alle natuerliche kunst
59.10.3,so die menschen je auff erden haben muegen
59.10.4,ist zuachten eine gabe von gott
59.10.5,dann
60.1.1,sie ist vffs allermeist in manchfaeltigen spruechen vnd figuerlichen vmbreden vnd gleichnussen der alten weissen verborgen
60.1.2,dann es spricht senior der philosophus
60.2.1,es wird ein verstendiger mensch dise kunst
60.2.2,so er darnach gedencket
60.2.3,bald vernemen
60.2.4,so sein gemueht vnd sinn erleuchtet sein
60.2.5,aus den buechern der erkantnuss diser kunst
60.2.6,derhalben der weisslich wil thun
60.2.7,der ersuch die weissheit der alten weisen
60.2.8,die sie uebt
60.2.9,vnd gehet in behendigkeit vilerley gleichnis
60.2.10,vnterscheidung vnd heimligkeit der spruech
60.2.11,dadurch jhr handlung verborgen worden
60.2.12,vnd vmbreden der entratnus gegenueber duerstig ist
60.3.1,deme nachzugedencken
60.3.2,ist gar ein subtiler sin
60.3.3,vnd denen allein
60.3.4,die in disen dingen verstand haben
60.3.5,ist er gar leicht vnd natuerlich
60.3.6,denen aber
60.3.7,so der ding nicht verstand haben
60.3.8,alss auch senior spricht
60.3.9,ist nichts veraechtlichers
60.3.10,dann diese kunst
60.3.11,wiewol in der natur ist nichts koestlichers
60.3.12,dann der dise kunst hat
60.3.13,ist also reich
60.3.14,als einer mit feuer
60.3.15,der einen fewerstein hat
60.3.16,davon er feuer schlegt
60.3.17,vnd gibt
60.3.18,wehme
60.3.19,wievil
60.3.20,vnd wann er wil
60.3.21,ohne abgang des steins
60.3.22,also ists zugeben ueberfluessigs reiches gold
60.3.23,sie ist auch einem besser
60.3.24,dann alle kauffmanschafft golds vnd silbers
60.3.25,vnd jhre fruechte seind besser denn aller welt gut
60.3.26,dann warumb
60.4.1,durch sie wird volbracht
60.4.2,dass da fuerdert lang leben vnd gesundheit
60.4.3,dann jhr juengste frucht ist
60.4.4,das warhafft aurum
60.4.5,vnd der allercraefftigst balsam
60.4.6,vnd die allerkoestlichst gabe gottes
60.4.7,so die alten weisen in der natur mit kunst gewircket haben
